﻿Name,Code,Current,Desc,Freq,SA?,Date
"Consumer Loans: Other Consumer Loans: Automobile Loans, All Commercial Banks",CARACBW027SBOG,Current,Bil. of U.S. $,W,SA,6/5/2020
"Consumer Loans: Credit Cards and Other Revolving Plans, All Commercial Banks",CCLACBW027SBOG,Current,Bil. of U.S. $,W,SA,6/5/2020
"Consumer Loans, All Commercial Banks",CLSACBW027SBOG,Current,Bil. of U.S. $,W,SA,6/5/2020
"Real Estate Loans: Commercial Real Estate Loans, All Commercial Banks",CREACBW027SBOG,Current,Bil. of U.S. $,W,SA,6/5/2020
"Deposits, All Commercial Banks",DPSACBW027SBOG,Current,Bil. of U.S. $,W,SA,6/5/2020
4-Week Moving Average of Initial Claims,IC4WSA,Current,Number,W,SA,6/4/2020
Initial Claims,ICSA,Current,Number,W,SA,6/4/2020
"Large Time Deposits, All Commercial Banks",LTDACBW027SBOG,Current,Bil. of U.S. $,W,SA,6/5/2020
15-Year Fixed Rate Mortgage Average in the United States,MORTGAGE15US,Current,%,W,NSA,6/4/2020
